SchemaName,TableName,ColumnName,OrdinalPosition,DataType,MaxLength,NumericPrecision,NumericScale,IsNullable,ColumnDefault
pats,tbl_Bills,SiteCode,1,nvarchar,25,NULL,NULL,NO,NULL
pats,tbl_Bills,RowChkSum,2,int,NULL,10,0,YES,NULL
pats,tbl_Bills,billID,3,int,NULL,10,0,NO,NULL
pats,tbl_Bills,billCLTID,4,int,NULL,10,0,NO,NULL
pats,tbl_Bills,billGuestID,5,int,NULL,10,0,YES,NULL
pats,tbl_Bills,billDate,6,datetime,NULL,NULL,NULL,YES,NULL
pats,tbl_Bills,billBILL,7,money,NULL,19,4,YES,NULL
pats,tbl_Bills,billPAY,8,money,NULL,19,4,YES,NULL
pats,tbl_Bills,billPAYTYPE,9,varchar,50,NULL,NULL,YES,NULL
pats,tbl_Bills,BillAdjust,10,money,NULL,19,4,YES,NULL
pats,tbl_Bills,billReason,11,varchar,2500,NULL,NULL,YES,NULL
pats,tbl_Bills,billReceiptNum,12,int,NULL,10,0,YES,NULL
pats,tbl_Bills,strUser,13,varchar,50,NULL,NULL,YES,NULL
pats,tbl_Bills,blnDeposit,14,bit,NULL,NULL,NULL,NO,NULL
pats,tbl_Bills,dtDeposit,15,datetime,NULL,NULL,NULL,YES,NULL
pats,tbl_Bills,billADJUSTID,16,int,NULL,10,0,YES,NULL
pats,tbl_Bills,FIFOallocated,17,bit,NULL,NULL,NULL,YES,NULL
pats,tbl_Bills,FIFObalance,18,money,NULL,19,4,YES,NULL
pats,tbl_Bills,Costcenter,19,varchar,50,NULL,NULL,YES,NULL
pats,tbl_Bills,BillAptID,20,int,NULL,10,0,YES,NULL
pats,tbl_Bills,billORGdt,21,date,NULL,NULL,NULL,YES,NULL
pats,tbl_Bills,BillServID,22,int,NULL,10,0,YES,NULL
pats,tbl_Bills,BillSiteID,23,int,NULL,10,0,YES,NULL
pats,tbl_Bills,LastModAt,24,datetime2,NULL,NULL,NULL,YES,NULL
pats,tbl_Bills,RowState,25,bit,NULL,NULL,NULL,YES,((1))
pats,tbl_CheckIn,SiteCode,1,varchar,50,NULL,NULL,NO,NULL
pats,tbl_CheckIn,ciID,2,int,NULL,10,0,NO,NULL
pats,tbl_CheckIn,RowChkSum,3,int,NULL,10,0,NO,NULL
pats,tbl_CheckIn,LastModAt,4,datetime,NULL,NULL,NULL,NO,NULL
pats,tbl_CheckIn,ciCLTID,5,varchar,50,NULL,NULL,NO,NULL
pats,tbl_CheckIn,ciDate,6,datetime,NULL,NULL,NULL,NO,NULL
pats,tbl_CheckIn,ciTIME,7,datetime,NULL,NULL,NULL,NO,NULL
pats,tbl_CheckIn,ciSERVEDdtm,8,datetime,NULL,NULL,NULL,YES,NULL
pats,tbl_CheckIn,MinutesWaited,9,decimal,NULL,10,3,YES,NULL
pats,tbl_CheckIn,ciUSER,10,varchar,50,NULL,NULL,YES,NULL
pats,tbl_CheckIn,ciHOLD,11,bit,NULL,NULL,NULL,YES,NULL
pats,tbl_CheckIn,cicltm4id,12,varchar,50,NULL,NULL,YES,NULL
pats,tbl_CheckIn,cicltName,13,varchar,100,NULL,NULL,YES,NULL
pats,tbl_CheckIn,ciCode,14,varchar,50,NULL,NULL,YES,NULL
pats,tbl_CheckIn,ciQueue,15,varchar,50,NULL,NULL,YES,NULL
pats,tbl_CheckIn,ciServedStaff,16,varchar,50,NULL,NULL,YES,NULL
pats,tbl_CheckIn,ciAmt,17,int,NULL,10,0,YES,NULL
pats,tbl_CheckIn,ciDoses,18,int,NULL,10,0,YES,NULL
pats,tbl_CheckIn,ciQUEUETIME,19,datetime,NULL,NULL,NULL,YES,NULL
pats,tbl_ClaimLineItem,SiteCode,1,varchar,25,NULL,NULL,NO,NULL
pats,tbl_ClaimLineItem,tpcliID,2,int,NULL,10,0,NO,NULL
pats,tbl_ClaimLineItem,RowChkSum,3,int,NULL,10,0,NO,NULL
pats,tbl_ClaimLineItem,LastModAt,4,datetime,NULL,NULL,NULL,NO,NULL
pats,tbl_ClaimLineItem,RowState,5,bit,NULL,NULL,NULL,YES,NULL
pats,tbl_ClaimLineItem,tpcliTPCID,6,int,NULL,10,0,YES,NULL
pats,tbl_ClaimLineItem,tpcliDtmService,7,datetime,NULL,NULL,NULL,YES,NULL
pats,tbl_ClaimLineItem,tpcliTxtService,8,varchar,100,NULL,NULL,YES,NULL
pats,tbl_ClaimLineItem,tpcliIntUnits,9,int,NULL,10,0,YES,NULL
pats,tbl_ClaimLineItem,tpcliDtmAdded,10,datetime,NULL,NULL,NULL,YES,NULL
pats,tbl_ClaimLineItem,tpcliStrAdded,11,varchar,100,NULL,NULL,YES,NULL
pats,tbl_ClaimLineItem,tpcliAmtCharge,12,money,NULL,19,4,YES,NULL
pats,tbl_ClaimLineItem,tpcliStrCPT,13,varchar,100,NULL,NULL,YES,NULL
pats,tbl_ClaimLineItem,tpcliStrModifier,14,varchar,100,NULL,NULL,YES,NULL
pats,tbl_ClaimLineItem,tpcliStrNDC,15,varchar,100,NULL,NULL,YES,NULL
pats,tbl_ClaimLineItem,tpcliStrPOS,16,varchar,100,NULL,NULL,YES,NULL
pats,tbl_ClaimLineItem,tpcliIntDx1,17,int,NULL,10,0,YES,NULL
pats,tbl_ClaimLineItem,tpcliIntDx2,18,int,NULL,10,0,YES,NULL
pats,tbl_ClaimLineItem,tpcliIntDx3,19,int,NULL,10,0,YES,NULL
pats,tbl_ClaimLineItem,tpcliIntDx4,20,int,NULL,10,0,YES,NULL
pats,tbl_ClaimLineItem,tpcliDiagnosis,21,varchar,50,NULL,NULL,YES,NULL
pats,tbl_ClaimLineItem,tpcliDSID,22,int,NULL,10,0,YES,NULL
pats,tbl_ClaimLineItem,tpcliPayerClaimID,23,varchar,50,NULL,NULL,YES,NULL
pats,tbl_ClaimLineItem,tpcliProviderId,24,varchar,50,NULL,NULL,YES,NULL
pats,tbl_ClaimLineItem,tpcliUNITFEE,25,money,NULL,19,4,YES,NULL
pats,tbl_ClaimLineItem,tpcliVOID,26,bit,NULL,NULL,NULL,YES,NULL
pats,tbl_ClaimLineItem,tpclivoidDT,27,date,NULL,NULL,NULL,YES,NULL
pats,tbl_ClaimLineItem,tpclivoidUSER,28,varchar,50,NULL,NULL,YES,NULL
pats,tbl_ClaimLineItem,tpcliDtmServiceTo,29,datetime,NULL,NULL,NULL,YES,NULL
pats,tbl_ClaimLineItem,tpcliIntMg,30,int,NULL,10,0,YES,NULL
pats,tbl_ClaimLineItem,tpcliDBnotes,31,varchar,1000,NULL,NULL,YES,NULL
pats,tbl_ClaimLineItemActivity,SiteCode,1,varchar,25,NULL,NULL,NO,NULL
pats,tbl_ClaimLineItemActivity,liaID,2,int,NULL,10,0,NO,NULL
pats,tbl_ClaimLineItemActivity,RowChkSum,3,int,NULL,10,0,NO,NULL
pats,tbl_ClaimLineItemActivity,LastModAt,4,datetime,NULL,NULL,NULL,NO,NULL
pats,tbl_ClaimLineItemActivity,RowState,5,bit,NULL,NULL,NULL,YES,NULL
pats,tbl_ClaimLineItemActivity,liaTPCLIID,6,int,NULL,10,0,YES,NULL
pats,tbl_ClaimLineItemActivity,liaDtm,7,datetime,NULL,NULL,NULL,YES,NULL
pats,tbl_ClaimLineItemActivity,liaStrUser,8,varchar,100,NULL,NULL,YES,NULL
pats,tbl_ClaimLineItemActivity,laiPAIDINS,9,money,NULL,19,4,YES,NULL
pats,tbl_ClaimLineItemActivity,laiContADJ,10,money,NULL,19,4,YES,NULL
pats,tbl_ClaimLineItemActivity,laiGENADJ,11,money,NULL,19,4,YES,NULL
pats,tbl_ClaimLineItemActivity,laiCOPay,12,money,NULL,19,4,YES,NULL
pats,tbl_ClaimLineItemActivity,laiDEDUC,13,money,NULL,19,4,YES,NULL
pats,tbl_ClaimLineItemActivity,laiCLIENT,14,money,NULL,19,4,YES,NULL
pats,tbl_ClaimLineItemActivity,liaBitNoteOnly,15,bit,NULL,NULL,NULL,YES,NULL
pats,tbl_ClaimLineItemActivity,liaStrDesc,16,varchar,1000,NULL,NULL,YES,NULL
pats,tbl_ClaimLineItemActivity,tprbID,17,int,NULL,10,0,NO,NULL
pats,tbl_ClaimLineItemActivity,liaPending,18,bit,NULL,NULL,NULL,YES,NULL
pats,tbl_ClaimLineItemActivity,liaamt,19,money,NULL,19,4,YES,NULL
pats,tbl_ClaimLineItemActivity,liastrtext,20,varchar,50,NULL,NULL,YES,NULL
pats,tbl_ClaimLineItemActivity,liaADJREASON,21,varchar,100,NULL,NULL,YES,NULL
pats,tbl_ClaimLineItemActivity,laiCOINS,22,money,NULL,19,4,YES,NULL
pats,tbl_ClaimLineItemActivity,liaAction1,23,varchar,500,NULL,NULL,YES,NULL
pats,tbl_ClaimLineItemActivity,liaAction2,24,varchar,500,NULL,NULL,YES,NULL
pats,tbl_ClaimLineItemActivity,liaADJcontract,25,varchar,100,NULL,NULL,YES,NULL
pats,tbl_ClaimLineItemActivity,liaADJgeneral,26,varchar,100,NULL,NULL,YES,NULL
pats,tbl_ClaimLineItemActivity,liaANSI1,27,varchar,50,NULL,NULL,YES,NULL
pats,tbl_ClaimLineItemActivity,liaANSI2,28,varchar,50,NULL,NULL,YES,NULL
pats,tbl_ClaimLineItemActivity,liaANSImod1,29,varchar,50,NULL,NULL,YES,NULL
pats,tbl_ClaimLineItemActivity,liaANSImod2,30,varchar,50,NULL,NULL,YES,NULL
pats,tbl_ClaimLineItemActivity,BillID,31,int,NULL,10,0,YES,NULL
pats,tbl_ClaimLineItemActivity,liaDBnotes,32,varchar,1000,NULL,NULL,YES,NULL
pats,tbl_Claims,SiteCode,1,varchar,25,NULL,NULL,NO,NULL
pats,tbl_Claims,tpcID,2,int,NULL,10,0,NO,NULL
pats,tbl_Claims,RowChkSum,3,int,NULL,10,0,NO,NULL
pats,tbl_Claims,LastModAt,4,datetime,NULL,NULL,NULL,NO,NULL
pats,tbl_Claims,RowState,5,bit,NULL,NULL,NULL,YES,NULL
pats,tbl_Claims,tpccltID,6,int,NULL,10,0,YES,NULL
pats,tbl_Claims,tpcStrStatus,7,varchar,100,NULL,NULL,YES,NULL
pats,tbl_Claims,tpcStrPayer,8,varchar,100,NULL,NULL,YES,NULL
pats,tbl_Claims,tpcDtmAdded,9,datetime,NULL,NULL,NULL,YES,NULL
pats,tbl_Claims,tpcStrAdded,10,varchar,100,NULL,NULL,YES,NULL
pats,tbl_Claims,f10oth,11,varchar,50,NULL,NULL,YES,NULL
pats,tbl_Claims,tpcClaimBatchID,12,int,NULL,10,0,YES,NULL
pats,tbl_Claims,f11insnumber,13,varchar,50,NULL,NULL,YES,NULL
pats,tbl_Claims,f11insplan,14,varchar,50,NULL,NULL,YES,NULL
pats,tbl_Claims,f11inssex,15,varchar,50,NULL,NULL,YES,NULL
pats,tbl_Claims,f12sig,16,varchar,50,NULL,NULL,YES,NULL
pats,tbl_Claims,f12sigdate,17,varchar,50,NULL,NULL,YES,NULL
pats,tbl_Claims,f13inssig,18,varchar,50,NULL,NULL,YES,NULL
pats,tbl_Claims,f14date,19,varchar,50,NULL,NULL,YES,NULL
pats,tbl_Claims,f15firstdate,20,varchar,50,NULL,NULL,YES,NULL
pats,tbl_Claims,f16dateunableend,21,varchar,50,NULL,NULL,YES,NULL
pats,tbl_Claims,f10auto,22,varchar,50,NULL,NULL,YES,NULL
pats,tbl_Claims,tpcStrPrimary,23,varchar,100,NULL,NULL,YES,NULL
pats,tbl_Claims,f10employ,24,varchar,50,NULL,NULL,YES,NULL
pats,tbl_Claims,f10local,25,varchar,50,NULL,NULL,YES,NULL
pats,tbl_Claims,f11insanother,26,varchar,50,NULL,NULL,YES,NULL
pats,tbl_Claims,f11insdob,27,varchar,50,NULL,NULL,YES,NULL
pats,tbl_Claims,f11insemploy,28,varchar,50,NULL,NULL,YES,NULL
pats,tbl_Claims,f16dateunablestart,29,varchar,50,NULL,NULL,YES,NULL
pats,tbl_Claims,f17refername,30,varchar,50,NULL,NULL,YES,NULL
pats,tbl_Claims,f17refernpi,31,varchar,50,NULL,NULL,YES,NULL
pats,tbl_Claims,f18datehospend,32,varchar,50,NULL,NULL,YES,NULL
pats,tbl_Claims,f18datehospstart,33,varchar,50,NULL,NULL,YES,NULL
pats,tbl_Claims,f19local,34,varchar,50,NULL,NULL,YES,NULL
pats,tbl_Claims,f1id,35,varchar,50,NULL,NULL,YES,NULL
pats,tbl_Claims,f20outsidelab,36,varchar,50,NULL,NULL,YES,NULL
pats,tbl_Claims,f21diag1,37,varchar,50,NULL,NULL,YES,NULL
pats,tbl_Claims,f21diag2,38,varchar,50,NULL,NULL,YES,NULL
pats,tbl_Claims,f21diag3,39,varchar,50,NULL,NULL,YES,NULL
pats,tbl_Claims,f21diag4,40,varchar,50,NULL,NULL,YES,NULL
pats,tbl_Claims,f22medresub,41,varchar,50,NULL,NULL,YES,NULL
pats,tbl_Claims,f23priorauth,42,varchar,50,NULL,NULL,YES,NULL
pats,tbl_Claims,f25taxid,43,varchar,50,NULL,NULL,YES,NULL
pats,tbl_Claims,f26account,44,varchar,50,NULL,NULL,YES,NULL
pats,tbl_Claims,f27assign,45,varchar,50,NULL,NULL,YES,NULL
pats,tbl_Claims,f28totalcharge,46,varchar,50,NULL,NULL,YES,NULL
pats,tbl_Claims,f29amtpaid,47,varchar,50,NULL,NULL,YES,NULL
pats,tbl_Claims,f2name,48,varchar,50,NULL,NULL,YES,NULL
pats,tbl_Claims,f30balancedue,49,varchar,50,NULL,NULL,YES,NULL
pats,tbl_Claims,f31date,50,varchar,50,NULL,NULL,YES,NULL
pats,tbl_Claims,f31phys,51,varchar,50,NULL,NULL,YES,NULL
pats,tbl_Claims,f32a,52,varchar,50,NULL,NULL,YES,NULL
pats,tbl_Claims,f32b,53,varchar,50,NULL,NULL,YES,NULL
pats,tbl_Claims,f32line1,54,varchar,50,NULL,NULL,YES,NULL
pats,tbl_Claims,f32line2,55,varchar,50,NULL,NULL,YES,NULL
pats,tbl_Claims,f32line3,56,varchar,50,NULL,NULL,YES,NULL
pats,tbl_Claims,f32line4,57,varchar,50,NULL,NULL,YES,NULL
pats,tbl_Claims,f33a,58,varchar,50,NULL,NULL,YES,NULL
pats,tbl_Claims,f33b,59,varchar,50,NULL,NULL,YES,NULL
pats,tbl_Claims,f33line1,60,varchar,50,NULL,NULL,YES,NULL
pats,tbl_Claims,f33line2,61,varchar,50,NULL,NULL,YES,NULL
pats,tbl_Claims,f33line3,62,varchar,50,NULL,NULL,YES,NULL
pats,tbl_Claims,f33line4,63,varchar,50,NULL,NULL,YES,NULL
pats,tbl_Claims,f33phone,64,varchar,50,NULL,NULL,YES,NULL
pats,tbl_Claims,f3dob,65,varchar,50,NULL,NULL,YES,NULL
pats,tbl_Claims,f4insname,66,varchar,50,NULL,NULL,YES,NULL
pats,tbl_Claims,f5add,67,varchar,50,NULL,NULL,YES,NULL
pats,tbl_Claims,f5city,68,varchar,50,NULL,NULL,YES,NULL
pats,tbl_Claims,f5phone,69,varchar,50,NULL,NULL,YES,NULL
pats,tbl_Claims,f5state,70,varchar,50,NULL,NULL,YES,NULL
pats,tbl_Claims,f5zip,71,varchar,50,NULL,NULL,YES,NULL
pats,tbl_Claims,f6insrel,72,varchar,50,NULL,NULL,YES,NULL
pats,tbl_Claims,f7insadd,73,varchar,50,NULL,NULL,YES,NULL
pats,tbl_Claims,f7inscity,74,varchar,50,NULL,NULL,YES,NULL
pats,tbl_Claims,f7insphone,75,varchar,50,NULL,NULL,YES,NULL
pats,tbl_Claims,f7insstate,76,varchar,50,NULL,NULL,YES,NULL
pats,tbl_Claims,f7inszip,77,varchar,50,NULL,NULL,YES,NULL
pats,tbl_Claims,f8stat,78,varchar,50,NULL,NULL,YES,NULL
pats,tbl_Claims,f9othinsdob,79,varchar,50,NULL,NULL,YES,NULL
pats,tbl_Claims,f9othinsemp,80,varchar,50,NULL,NULL,YES,NULL
pats,tbl_Claims,f9othinsname,81,varchar,50,NULL,NULL,YES,NULL
pats,tbl_Claims,f9othinsnumber,82,varchar,50,NULL,NULL,YES,NULL
pats,tbl_Claims,f9othinsplan,83,varchar,50,NULL,NULL,YES,NULL
pats,tbl_Claims,f9othinssex,84,varchar,50,NULL,NULL,YES,NULL
pats,tbl_Claims,tpcCreatedDate,85,datetime,NULL,NULL,NULL,YES,NULL
pats,tbl_Claims,tpcEncounter,86,nchar,10,NULL,NULL,YES,NULL
pats,tbl_Claims,tpcREBILLREASON,87,varchar,500,NULL,NULL,YES,NULL
pats,tbl_Claims,tpcStrWeek,88,varchar,50,NULL,NULL,YES,NULL
pats,tbl_Claims,tpcWKSTART,89,date,NULL,NULL,NULL,YES,NULL
pats,tbl_Claims,tpcPayerCIN,90,varchar,100,NULL,NULL,YES,NULL
pats,tbl_Claims,tpcSrvType,91,varchar,50,NULL,NULL,YES,NULL
pats,tbl_Claims,f3sex,92,varchar,10,NULL,NULL,YES,NULL
pats,tbl_Claims,tpcClaimType,93,int,NULL,10,0,YES,NULL
pats,tbl_Claims,SiteID,94,int,NULL,10,0,YES,NULL
pats,tbl_Claims,tpcDBnotes,95,varchar,1000,NULL,NULL,YES,NULL
pats,tbl_Claims,tpcReferring,96,varchar,10,NULL,NULL,YES,NULL
pats,tbl_EandMFormMDM,SiteCode,1,varchar,50,NULL,NULL,NO,NULL
pats,tbl_EandMFormMDM,Id,2,int,NULL,10,0,NO,NULL
pats,tbl_EandMFormMDM,PreAdmissionId,3,int,NULL,10,0,YES,NULL
pats,tbl_EandMFormMDM,ClientId,4,int,NULL,10,0,YES,NULL
pats,tbl_EandMFormMDM,DataFormId,5,int,NULL,10,0,YES,NULL
pats,tbl_EandMFormMDM,CreatedOn,6,datetime,NULL,NULL,NULL,YES,NULL
pats,tbl_EandMFormMDM,CreatedBy,7,nvarchar,128,NULL,NULL,YES,NULL
pats,tbl_EandMFormMDM,ModifiedOn,8,datetime,NULL,NULL,NULL,YES,NULL
pats,tbl_EandMFormMDM,ModifiedBy,9,nvarchar,128,NULL,NULL,YES,NULL
pats,tbl_EandMFormMDM,Isdeleted,10,bit,NULL,NULL,NULL,YES,NULL
pats,tbl_EandMFormMDM,FormDate,11,datetime,NULL,NULL,NULL,YES,NULL
pats,tbl_EandMFormMDM,ServiceId,12,int,NULL,10,0,YES,NULL
pats,tbl_EandMFormMDM,Context,13,nvarchar,128,NULL,NULL,YES,NULL
pats,tbl_EandMFormMDM,Version,14,nvarchar,128,NULL,NULL,YES,NULL
pats,tbl_EandMFormMDM,MEdicalProviderSignatureDate,15,datetime,NULL,NULL,NULL,YES,NULL
pats,tbl_EandMFormMDM,MEdicalProviderSignatureBy,16,nvarchar,200,NULL,NULL,YES,NULL
pats,tbl_EandMFormPregnancy,SiteCode,1,varchar,50,NULL,NULL,NO,NULL
pats,tbl_EandMFormPregnancy,EandMFormId,2,int,NULL,10,0,NO,NULL
pats,tbl_EandMFormPregnancy,PreAdmissionId,3,int,NULL,10,0,YES,NULL
pats,tbl_EandMFormPregnancy,ClientId,4,int,NULL,10,0,YES,NULL
pats,tbl_EandMFormPregnancy,DataFormId,5,int,NULL,10,0,YES,NULL
pats,tbl_EandMFormPregnancy,CreatedOn,6,datetime,NULL,NULL,NULL,YES,NULL
pats,tbl_EandMFormPregnancy,CreatedBy,7,nvarchar,128,NULL,NULL,YES,NULL
pats,tbl_EandMFormPregnancy,ModifiedOn,8,datetime,NULL,NULL,NULL,YES,NULL
pats,tbl_EandMFormPregnancy,ModifiedBy,9,nvarchar,128,NULL,NULL,YES,NULL
pats,tbl_EandMFormPregnancy,Isdeleted,10,bit,NULL,NULL,NULL,YES,NULL
pats,tbl_EandMFormPregnancy,FormDate,11,datetime,NULL,NULL,NULL,YES,NULL
pats,tbl_EandMFormPregnancy,ServiceId,12,int,NULL,10,0,YES,NULL
pats,tbl_EandMFormPregnancy,Context,13,nvarchar,128,NULL,NULL,YES,NULL
pats,tbl_EandMFormPregnancy,Version,14,nvarchar,128,NULL,NULL,YES,NULL
pats,tbl_EandMFormPregnancy,DDLTrimester,15,int,NULL,10,0,YES,NULL
pats,tbl_EandMFormPregnancy,DoseTxt,16,nvarchar,50,NULL,NULL,YES,NULL
pats,tbl_EandMFormPregnancy,MgTxt,17,nvarchar,50,NULL,NULL,YES,NULL
pats,tbl_EandMFormPregnancy,DoseStabilityTxt,18,nvarchar,50,NULL,NULL,YES,NULL
pats,tbl_EandMFormPregnancy,SignsTxt,19,nvarchar,-1,NULL,NULL,YES,NULL
pats,tbl_EandMFormPregnancy,Bleeding,20,bit,NULL,NULL,NULL,YES,NULL
pats,tbl_EandMFormPregnancy,Contraction,21,bit,NULL,NULL,NULL,YES,NULL
pats,tbl_EandMFormPregnancy,NauseaVomiting,22,bit,NULL,NULL,NULL,YES,NULL
pats,tbl_EandMFormPregnancy,PregnancyOtherTxt,23,nvarchar,256,NULL,NULL,YES,NULL
pats,tbl_EandMFormPregnancy,MedicationsTxt,24,nvarchar,-1,NULL,NULL,YES,NULL
pats,tbl_EandMFormPregnancy,PrenatalVitaminsTxt,25,nvarchar,-1,NULL,NULL,YES,NULL
pats,tbl_EandMFormPregnancy,AllergiesTxt,26,nvarchar,-1,NULL,NULL,YES,NULL
pats,tbl_EandMFormPregnancy,ChangesInRoutineTxt,27,nvarchar,-1,NULL,NULL,YES,NULL
pats,tbl_EandMFormPregnancy,UDSRadioBtn,28,int,NULL,10,0,YES,NULL
pats,tbl_EandMFormPregnancy,SmokerRadioBtn,29,int,NULL,10,0,YES,NULL
pats,tbl_EandMFormPregnancy,IllicitDrugTxt,30,nvarchar,256,NULL,NULL,YES,NULL
pats,tbl_EandMFormPregnancy,NoOfPregnanciesTxt,31,nvarchar,50,NULL,NULL,YES,NULL
pats,tbl_EandMFormPregnancy,DeliveriesTxt,32,nvarchar,50,NULL,NULL,YES,NULL
pats,tbl_EandMFormPregnancy,DateOfLastOB,33,datetime,NULL,NULL,NULL,YES,NULL
pats,tbl_EandMFormPregnancy,NameofOBTxt,34,nvarchar,50,NULL,NULL,YES,NULL
pats,tbl_EandMFormPregnancy,PregnancyCommentsTxt,35,nvarchar,-1,NULL,NULL,YES,NULL
pats,tbl_EandMFormPregnancy,WTTxt,36,varchar,50,NULL,NULL,YES,NULL
pats,tbl_EandMFormPregnancy,GravidaTxt,37,nvarchar,-1,NULL,NULL,YES,NULL
pats,tbl_EandMFormPregnancy,ParaTxt,38,nvarchar,-1,NULL,NULL,YES,NULL
pats,tbl_EandMFormPregnancy,Provider,39,nvarchar,128,NULL,NULL,YES,NULL
pats,tbl_EandMFormPregnancy,PrenatalCare,40,bit,NULL,NULL,NULL,YES,NULL
pats,tbl_EandMFormPregnancy,ReviewedandAcknowledged,41,bit,NULL,NULL,NULL,YES,NULL
pats,tbl_EandMFormPregnancy,NAPregnancyGrid,42,bit,NULL,NULL,NULL,YES,NULL
pats,tbl_EandMFormPregnancy,LastModAt,43,datetime,NULL,NULL,NULL,YES,NULL
pats,tbl_Enrollment,ID,1,int,NULL,10,0,NO,NULL
pats,tbl_Enrollment,SiteCode,2,nvarchar,25,NULL,NULL,NO,NULL
pats,tbl_Enrollment,RowChkSum,3,int,NULL,10,0,NO,NULL
pats,tbl_Enrollment,RowState,4,bit,NULL,NULL,NULL,YES,NULL
pats,tbl_Enrollment,cltID,5,int,NULL,10,0,YES,NULL
pats,tbl_Enrollment,Program,6,varchar,100,NULL,NULL,YES,NULL
pats,tbl_Enrollment,EnrollDate,7,datetime,NULL,NULL,NULL,YES,NULL
pats,tbl_Enrollment,EnrollReasonCode,8,varchar,100,NULL,NULL,YES,NULL
pats,tbl_Enrollment,EnrollReasonText,9,varchar,300,NULL,NULL,YES,NULL
pats,tbl_Enrollment,DischargeReasonCode,10,varchar,100,NULL,NULL,YES,NULL
pats,tbl_Enrollment,DischargeReasonText,11,varchar,300,NULL,NULL,YES,NULL
pats,tbl_Enrollment,DischargeDate,12,datetime,NULL,NULL,NULL,YES,NULL
pats,tbl_Enrollment,strStaff,13,varchar,50,NULL,NULL,YES,NULL
pats,tbl_Enrollment,Transfer,14,bit,NULL,NULL,NULL,YES,NULL
pats,tbl_Enrollment,upsize_ts,15,timestamp,NULL,NULL,NULL,YES,NULL
pats,tbl_Enrollment,ParentEnrollID,16,int,NULL,10,0,YES,NULL
pats,tbl_Enrollment,NoDarts_Enroll,17,bit,NULL,NULL,NULL,YES,NULL
pats,tbl_Enrollment,NoDarts_Discharge,18,bit,NULL,NULL,NULL,YES,NULL
pats,tbl_Enrollment,repOldEnroll,19,numeric,NULL,18,0,YES,NULL
pats,tbl_Enrollment,DASAreason,20,varchar,1,NULL,NULL,YES,NULL
pats,tbl_Enrollment,dtLastContact,21,datetime,NULL,NULL,NULL,YES,NULL
pats,tbl_Enrollment,strArrests,22,varchar,2,NULL,NULL,YES,NULL
pats,tbl_Enrollment,strBaby,23,varchar,1,NULL,NULL,YES,NULL
pats,tbl_Enrollment,strBabyDF,24,varchar,1,NULL,NULL,YES,NULL
pats,tbl_Enrollment,strEduc,25,varchar,2,NULL,NULL,YES,NULL
pats,tbl_Enrollment,strEmpStat,26,varchar,1,NULL,NULL,YES,NULL
pats,tbl_Enrollment,strLiving,27,varchar,1,NULL,NULL,YES,NULL
pats,tbl_Enrollment,strNILF,28,varchar,1,NULL,NULL,YES,NULL
pats,tbl_Enrollment,strPriFreq,29,varchar,1,NULL,NULL,YES,NULL
pats,tbl_Enrollment,strPriProb,30,varchar,2,NULL,NULL,YES,NULL
pats,tbl_Enrollment,strSecFreq,31,varchar,1,NULL,NULL,YES,NULL
pats,tbl_Enrollment,strSecProb,32,varchar,2,NULL,NULL,YES,NULL
pats,tbl_Enrollment,strSelfHelp,33,varchar,1,NULL,NULL,YES,NULL
pats,tbl_Enrollment,strSelfHelpDet,34,varchar,2,NULL,NULL,YES,NULL
pats,tbl_Enrollment,strSuppInt,35,varchar,1,NULL,NULL,YES,NULL
pats,tbl_Enrollment,strTerFreq,36,varchar,1,NULL,NULL,YES,NULL
pats,tbl_Enrollment,strTerProb,37,varchar,2,NULL,NULL,YES,NULL
pats,tbl_Enrollment,strSchoolJobTraining,38,varchar,1,NULL,NULL,YES,NULL
pats,tbl_Enrollment,Counselor,39,varchar,100,NULL,NULL,YES,NULL
pats,tbl_Enrollment,DischargeSubReasonCode,40,varchar,100,NULL,NULL,YES,NULL
pats,tbl_Enrollment,EnrollSubReasonCode,41,varchar,100,NULL,NULL,YES,NULL
pats,tbl_Enrollment,OnDemand,42,bit,NULL,NULL,NULL,YES,NULL
pats,tbl_Enrollment,physician,43,varchar,100,NULL,NULL,YES,NULL
pats,tbl_Enrollment,SiteID,44,int,NULL,10,0,YES,NULL
pats,tbl_Enrollment,MODULE,45,varchar,100,NULL,NULL,YES,NULL
pats,tbl_Enrollment,MODULENote,46,varchar,30,NULL,NULL,YES,NULL
pats,tbl_Enrollment,dischargeIncome,47,nvarchar,50,NULL,NULL,YES,NULL
pats,tbl_Enrollment,intakeIncome,48,nvarchar,50,NULL,NULL,YES,NULL
pats,tbl_Enrollment,strDBnotes,49,varchar,100,NULL,NULL,YES,NULL
pats,tbl_Enrollment,deleterecord,50,varchar,10,NULL,NULL,YES,NULL
pats,tbl_Enrollment,dtLastQuery,51,datetime,NULL,NULL,NULL,YES,NULL
pats,tbl_Enrollment,LastModAt,52,datetime,NULL,NULL,NULL,YES,NULL
pats,tbl_Enrollment,Modality,53,varchar,20,NULL,NULL,YES,NULL
pats,tbl_Enrollment,TreatmentLevel,54,nvarchar,256,NULL,NULL,YES,NULL
pats,tbl_FeeSched,fsID,1,int,NULL,10,0,NO,NULL
pats,tbl_FeeSched,RowChkSum,2,int,NULL,10,0,NO,NULL
pats,tbl_FeeSched,fsSite,3,varchar,25,NULL,NULL,NO,NULL
pats,tbl_FeeSched,fsPAYID,4,varchar,500,NULL,NULL,YES,NULL
pats,tbl_FeeSched,dsSERVICE,5,varchar,100,NULL,NULL,YES,NULL
pats,tbl_FeeSched,CPTCODE,6,varchar,100,NULL,NULL,YES,NULL
pats,tbl_FeeSched,Fee,7,money,NULL,19,4,YES,NULL
pats,tbl_FeeSched,Contractual,8,money,NULL,19,4,YES,NULL
pats,tbl_FeeSched,Datespan,9,bit,NULL,NULL,NULL,YES,NULL
pats,tbl_FeeSched,GroupTogether,10,bit,NULL,NULL,NULL,YES,NULL
pats,tbl_FeeSched,Modifier,11,varchar,100,NULL,NULL,YES,NULL
pats,tbl_FeeSched,UnitMin,12,varchar,50,NULL,NULL,YES,NULL
pats,tbl_FeeSched,ProviderBill,13,bit,NULL,NULL,NULL,YES,NULL
pats,tbl_FeeSched,CoAble,14,bit,NULL,NULL,NULL,YES,NULL
pats,tbl_FeeSched,defaultWeekFee,15,bit,NULL,NULL,NULL,YES,NULL
pats,tbl_FeeSched,RevCode,16,varchar,3,NULL,NULL,YES,NULL
pats,tbl_FeeSched,Startdate,17,date,NULL,NULL,NULL,YES,NULL
pats,tbl_FeeSched,Enddate,18,date,NULL,NULL,NULL,YES,NULL
pats,tbl_FeeSched,POS,19,varchar,50,NULL,NULL,YES,NULL
pats,tbl_FeeSched,AttendingBill,20,bit,NULL,NULL,NULL,YES,NULL
pats,tbl_FeeSched,pay2310A,21,bit,NULL,NULL,NULL,YES,NULL
pats,tbl_FeeSched,pay2310C,22,bit,NULL,NULL,NULL,YES,NULL
pats,tbl_FeeSched,ReferredByAttending,23,bit,NULL,NULL,NULL,YES,NULL
pats,tbl_FeeSched,BillAttendingOrder,24,bit,NULL,NULL,NULL,YES,NULL
pats,tbl_FeeSched,BillOrderDoctor,25,bit,NULL,NULL,NULL,YES,NULL
pats,tbl_FeeSched,fsMasterId,26,int,NULL,10,0,YES,NULL
pats,tbl_FeeSched,Notes1,27,varchar,200,NULL,NULL,YES,NULL
pats,tbl_FeeSched,Notes2,28,varchar,200,NULL,NULL,YES,NULL
pats,tbl_FeeSched,LastModAt,29,datetime,NULL,NULL,NULL,YES,NULL
pats,tbl_FeeSched,IsActive,30,bit,NULL,NULL,NULL,YES,NULL
pats,tbl_GlobalPayor,SiteCode,1,varchar,25,NULL,NULL,NO,NULL
pats,tbl_GlobalPayor,payID,2,int,NULL,10,0,NO,NULL
pats,tbl_GlobalPayor,RowChkSum,3,int,NULL,10,0,YES,NULL
pats,tbl_GlobalPayor,payNAME,4,varchar,150,NULL,NULL,YES,NULL
pats,tbl_GlobalPayor,PayAddress,5,varchar,150,NULL,NULL,YES,NULL
pats,tbl_GlobalPayor,payCITY,6,varchar,50,NULL,NULL,YES,NULL
pats,tbl_GlobalPayor,payST,7,varchar,50,NULL,NULL,YES,NULL
pats,tbl_GlobalPayor,Payzip,8,varchar,50,NULL,NULL,YES,NULL
pats,tbl_GlobalPayor,payPH,9,varchar,50,NULL,NULL,YES,NULL
pats,tbl_GlobalPayor,payFX,10,varchar,50,NULL,NULL,YES,NULL
pats,tbl_GlobalPayor,payNOTE,11,varchar,-1,NULL,NULL,YES,NULL
pats,tbl_GlobalPayor,payDEFAULTSUBMIT,12,varchar,50,NULL,NULL,YES,NULL
pats,tbl_GlobalPayor,payAUTHFORMAT,13,varchar,50,NULL,NULL,YES,NULL
pats,tbl_GlobalPayor,payCLMNUM,14,int,NULL,10,0,YES,NULL
pats,tbl_GlobalPayor,pay835,15,bit,NULL,NULL,NULL,YES,NULL
pats,tbl_GlobalPayor,paySubmitType,16,varchar,100,NULL,NULL,YES,NULL
pats,tbl_GlobalPayor,payBILLAMT,17,money,NULL,19,4,YES,NULL
pats,tbl_GlobalPayor,payDOSETYPE,18,varchar,50,NULL,NULL,YES,NULL
pats,tbl_GlobalPayor,PayerNumber,19,varchar,50,NULL,NULL,YES,NULL
pats,tbl_GlobalPayor,payaddressjoin,20,varchar,150,NULL,NULL,YES,NULL
pats,tbl_GlobalPayor,PayCheckAuth,21,int,NULL,10,0,YES,NULL
pats,tbl_GlobalPayor,Payclass,22,varchar,50,NULL,NULL,YES,NULL
pats,tbl_GlobalPayor,payINDfreq,23,varchar,50,NULL,NULL,YES,NULL
pats,tbl_GlobalPayor,payindRATE,24,money,NULL,19,4,YES,NULL
pats,tbl_GlobalPayor,payINDUNIT,25,int,NULL,10,0,YES,NULL
pats,tbl_GlobalPayor,PayLabelNAME,26,varchar,100,NULL,NULL,YES,NULL
pats,tbl_GlobalPayor,paynamejoin,27,varchar,150,NULL,NULL,YES,NULL
pats,tbl_GlobalPayor,payOVERRIDE,28,varchar,100,NULL,NULL,YES,NULL
pats,tbl_GlobalPayor,payPOS,29,varchar,50,NULL,NULL,YES,NULL
pats,tbl_GlobalPayor,payregion,30,varchar,50,NULL,NULL,YES,NULL
pats,tbl_GlobalPayor,PayREQAUTH,31,bit,NULL,NULL,NULL,YES,NULL
pats,tbl_GlobalPayor,paysig,32,bit,NULL,NULL,NULL,YES,NULL
pats,tbl_GlobalPayor,payGLclass,33,varchar,50,NULL,NULL,YES,NULL
pats,tbl_GlobalPayor,payLAB,34,bit,NULL,NULL,NULL,YES,NULL
pats,tbl_GlobalPayor,NoClaimLevelRendering,35,bit,NULL,NULL,NULL,YES,NULL
pats,tbl_GlobalPayor,Enddate,36,date,NULL,NULL,NULL,YES,NULL
pats,tbl_GlobalPayor,revcode,37,varchar,50,NULL,NULL,YES,NULL
pats,tbl_GlobalPayor,StartDate,38,date,NULL,NULL,NULL,YES,NULL
pats,tbl_GlobalPayor,pay2310A,39,bit,NULL,NULL,NULL,YES,NULL
pats,tbl_GlobalPayor,pay2310B,40,bit,NULL,NULL,NULL,YES,NULL
pats,tbl_GlobalPayor,pay2310C,41,bit,NULL,NULL,NULL,YES,NULL
pats,tbl_GlobalPayor,SupressSecondary,42,bit,NULL,NULL,NULL,YES,NULL
pats,tbl_GlobalPayor,AltTaxID,43,varchar,10,NULL,NULL,YES,NULL
pats,tbl_GlobalPayor,LastModAt,44,datetime,NULL,NULL,NULL,YES,NULL
pats,tbl_GlobalPayor,RowState,45,int,NULL,10,0,YES,NULL
pats,tbl_NewAdmissionAssessmentASAMDimension2,SiteCode,1,varchar,25,NULL,NULL,NO,NULL
pats,tbl_NewAdmissionAssessmentASAMDimension2,NewAdmissionAssessmentFormId,2,int,NULL,10,0,NO,NULL
pats,tbl_NewAdmissionAssessmentASAMDimension2,PreAdmissionId,3,int,NULL,10,0,YES,NULL
pats,tbl_NewAdmissionAssessmentASAMDimension2,HighBloodPressure,4,bit,NULL,NULL,NULL,YES,NULL
pats,tbl_NewAdmissionAssessmentASAMDimension2,Cancer,5,bit,NULL,NULL,NULL,YES,NULL
pats,tbl_NewAdmissionAssessmentASAMDimension2,COPD,6,bit,NULL,NULL,NULL,YES,NULL
pats,tbl_NewAdmissionAssessmentASAMDimension2,HepatitisB,7,bit,NULL,NULL,NULL,YES,NULL
pats,tbl_NewAdmissionAssessmentASAMDimension2,Diabetes,8,bit,NULL,NULL,NULL,YES,NULL
pats,tbl_NewAdmissionAssessmentASAMDimension2,Deafness,9,bit,NULL,NULL,NULL,YES,NULL
pats,tbl_NewAdmissionAssessmentASAMDimension2,Blindness,10,bit,NULL,NULL,NULL,YES,NULL
pats,tbl_NewAdmissionAssessmentASAMDimension2,HepatitisC,11,bit,NULL,NULL,NULL,YES,NULL
pats,tbl_NewAdmissionAssessmentASAMDimension2,HeartDisease,12,bit,NULL,NULL,NULL,YES,NULL
pats,tbl_NewAdmissionAssessmentASAMDimension2,ChronicPain,13,bit,NULL,NULL,NULL,YES,NULL
pats,tbl_NewAdmissionAssessmentASAMDimension2,PoorVision,14,bit,NULL,NULL,NULL,YES,NULL
pats,tbl_NewAdmissionAssessmentASAMDimension2,HepatitisD,15,bit,NULL,NULL,NULL,YES,NULL
pats,tbl_NewAdmissionAssessmentASAMDimension2,Epilepsy,16,bit,NULL,NULL,NULL,YES,NULL
pats,tbl_NewAdmissionAssessmentASAMDimension2,KidneyDisease,17,bit,NULL,NULL,NULL,YES,NULL
pats,tbl_NewAdmissionAssessmentASAMDimension2,HearingLoss,18,bit,NULL,NULL,NULL,YES,NULL
pats,tbl_NewAdmissionAssessmentASAMDimension2,HIV,19,bit,NULL,NULL,NULL,YES,NULL
pats,tbl_NewAdmissionAssessmentASAMDimension2,Tuberculosis,20,bit,NULL,NULL,NULL,YES,NULL
pats,tbl_NewAdmissionAssessmentASAMDimension2,Asthma,21,bit,NULL,NULL,NULL,YES,NULL
pats,tbl_NewAdmissionAssessmentASAMDimension2,HepatitisA,22,bit,NULL,NULL,NULL,YES,NULL
pats,tbl_NewAdmissionAssessmentASAMDimension2,LiverDisease,23,bit,NULL,NULL,NULL,YES,NULL
pats,tbl_NewAdmissionAssessmentASAMDimension2,Otherchk,24,bit,NULL,NULL,NULL,YES,NULL
pats,tbl_NewAdmissionAssessmentASAMDimension2,Other,25,nvarchar,-1,NULL,NULL,YES,NULL
pats,tbl_NewAdmissionAssessmentASAMDimension2,AdditionalComments1,26,nvarchar,-1,NULL,NULL,YES,NULL
pats,tbl_NewAdmissionAssessmentASAMDimension2,AllergiesComments,27,nvarchar,-1,NULL,NULL,YES,NULL
pats,tbl_NewAdmissionAssessmentASAMDimension2,PrimaryCareProvider,28,nvarchar,-1,NULL,NULL,YES,NULL
pats,tbl_NewAdmissionAssessmentASAMDimension2,AdditionalComments,29,nvarchar,-1,NULL,NULL,YES,NULL
pats,tbl_NewAdmissionAssessmentASAMDimension2,HasPrimaryCare,30,bit,NULL,NULL,NULL,YES,NULL
pats,tbl_NewAdmissionAssessmentASAMDimension2,IsPregnant,31,int,NULL,10,0,YES,NULL
pats,tbl_NewAdmissionAssessmentASAMDimension2,MedicalProblemsPreventClinic,32,bit,NULL,NULL,NULL,YES,NULL
pats,tbl_NewAdmissionAssessmentASAMDimension2,ReceivingPrenatalCare,33,bit,NULL,NULL,NULL,YES,NULL
pats,tbl_NewAdmissionAssessmentASAMDimension2,Dimension2Pregnancy,34,int,NULL,10,0,YES,NULL
pats,tbl_NewAdmissionAssessmentASAMDimension2,Dimension2PhysicalHealth,35,int,NULL,10,0,YES,NULL
pats,tbl_NewAdmissionAssessmentASAMDimension2,Dimension2Problems,36,nvarchar,-1,NULL,NULL,YES,NULL
pats,tbl_NewAdmissionAssessmentASAMDimension2,RowState,37,bit,NULL,NULL,NULL,YES,NULL
pats,tbl_NewAdmissionAssessmentASAMDimension2,LastModAt,38,datetime,NULL,NULL,NULL,YES,NULL
pats,Tbl_NewAdmissionAssessmentASAMDimension4,SiteCode,1,varchar,25,NULL,NULL,NO,NULL
pats,Tbl_NewAdmissionAssessmentASAMDimension4,NewAdmissionAssessmentFormId,2,int,NULL,10,0,NO,NULL
pats,Tbl_NewAdmissionAssessmentASAMDimension4,PreAdmissionId,3,int,NULL,10,0,YES,NULL
pats,Tbl_NewAdmissionAssessmentASAMDimension4,HadAnOverdose,4,bit,NULL,NULL,NULL,YES,NULL
pats,Tbl_NewAdmissionAssessmentASAMDimension4,HaveNarcanAvailable,5,bit,NULL,NULL,NULL,YES,NULL
pats,Tbl_NewAdmissionAssessmentASAMDimension4,HaveYouCalled911,6,bit,NULL,NULL,NULL,YES,NULL
pats,Tbl_NewAdmissionAssessmentASAMDimension4,HaveSubstanceUsePutYouInDanger,7,bit,NULL,NULL,NULL,YES,NULL
pats,Tbl_NewAdmissionAssessmentASAMDimension4,HaveYourPhysicalHealthWorse,8,bit,NULL,NULL,NULL,YES,NULL
pats,Tbl_NewAdmissionAssessmentASAMDimension4,YourPhysicalMentalWorse,9,bit,NULL,NULL,NULL,YES,NULL
pats,Tbl_NewAdmissionAssessmentASAMDimension4,CausedProblemsAtYourJob,10,bit,NULL,NULL,NULL,YES,NULL
pats,Tbl_NewAdmissionAssessmentASAMDimension4,HavingAnyFinancialTrouble,11,bit,NULL,NULL,NULL,YES,NULL
pats,Tbl_NewAdmissionAssessmentASAMDimension4,JeopardizedYourHousing,12,bit,NULL,NULL,NULL,YES,NULL
pats,Tbl_NewAdmissionAssessmentASAMDimension4,HavingProblemInRelationship,13,bit,NULL,NULL,NULL,YES,NULL
pats,Tbl_NewAdmissionAssessmentASAMDimension4,DoesYourTemperCauseProblem,14,bit,NULL,NULL,NULL,YES,NULL
pats,Tbl_NewAdmissionAssessmentASAMDimension4,HaveYouBeenArrested,15,bit,NULL,NULL,NULL,YES,NULL
pats,Tbl_NewAdmissionAssessmentASAMDimension4,SubstanceUsePutYouAtRiskOfArrested,16,bit,NULL,NULL,NULL,YES,NULL
pats,Tbl_NewAdmissionAssessmentASAMDimension4,HaveAnyOpenCourtCases,17,bit,NULL,NULL,NULL,YES,NULL
pats,Tbl_NewAdmissionAssessmentASAMDimension4,OnProbation,18,bit,NULL,NULL,NULL,YES,NULL
pats,Tbl_NewAdmissionAssessmentASAMDimension4,HaveLeggalCustodyOfChildren,19,int,NULL,10,0,YES,NULL
pats,Tbl_NewAdmissionAssessmentASAMDimension4,HaveAnyCasesWithLocalDepartment,20,int,NULL,10,0,YES,NULL
pats,Tbl_NewAdmissionAssessmentASAMDimension4,AnyChildrenLiveInHome,21,bit,NULL,NULL,NULL,YES,NULL
pats,Tbl_NewAdmissionAssessmentASAMDimension4,AddtionalComments,22,nvarchar,-1,NULL,NULL,YES,NULL
pats,Tbl_NewAdmissionAssessmentASAMDimension4,Dimension4SUDRisk,23,int,NULL,10,0,YES,NULL
pats,Tbl_NewAdmissionAssessmentASAMDimension4,Dimension4SUDRiskBehaviours,24,int,NULL,10,0,YES,NULL
pats,Tbl_NewAdmissionAssessmentASAMDimension4,RowState,25,bit,NULL,NULL,NULL,YES,NULL
pats,Tbl_NewAdmissionAssessmentASAMDimension4,LastModAt,26,datetime,NULL,NULL,NULL,YES,NULL
pats,Tbl_NewAdmissionAssessmentASAMDimension5,SiteCode,1,varchar,25,NULL,NULL,NO,NULL
pats,Tbl_NewAdmissionAssessmentASAMDimension5,NewAdmissionAssessmentFormId,2,int,NULL,10,0,NO,NULL
pats,Tbl_NewAdmissionAssessmentASAMDimension5,PreAdmissionId,3,int,NULL,10,0,YES,NULL
pats,Tbl_NewAdmissionAssessmentASAMDimension5,PeopleInHomeUseSubstances,4,bit,NULL,NULL,NULL,YES,NULL
pats,Tbl_NewAdmissionAssessmentASAMDimension5,DrugUseCommonInNeighborhood,5,bit,NULL,NULL,NULL,YES,NULL
pats,Tbl_NewAdmissionAssessmentASAMDimension5,FriendsFamilyInRecovery,6,bit,NULL,NULL,NULL,YES,NULL
pats,Tbl_NewAdmissionAssessmentASAMDimension5,SupportForRecovery,7,bit,NULL,NULL,NULL,YES,NULL
pats,Tbl_NewAdmissionAssessmentASAMDimension5,KnowPeerSupportMeetings,8,bit,NULL,NULL,NULL,YES,NULL
pats,Tbl_NewAdmissionAssessmentASAMDimension5,LivingSituation,9,int,NULL,10,0,YES,NULL
pats,Tbl_NewAdmissionAssessmentASAMDimension5,FoodWorry,10,int,NULL,10,0,YES,NULL
pats,Tbl_NewAdmissionAssessmentASAMDimension5,FoodDidntLast,11,int,NULL,10,0,YES,NULL
pats,Tbl_NewAdmissionAssessmentASAMDimension5,SkippedMedications,12,bit,NULL,NULL,NULL,YES,NULL
pats,Tbl_NewAdmissionAssessmentASAMDimension5,FinancialStrain,13,int,NULL,10,0,YES,NULL
pats,Tbl_NewAdmissionAssessmentASAMDimension5,EmploymentHelp,14,int,NULL,10,0,YES,NULL
pats,Tbl_NewAdmissionAssessmentASAMDimension5,SpeakNonEnglishLanguage,15,bit,NULL,NULL,NULL,YES,NULL
pats,Tbl_NewAdmissionAssessmentASAMDimension5,NeedEducationHelp,16,bit,NULL,NULL,NULL,YES,NULL
pats,Tbl_NewAdmissionAssessmentASAMDimension5,TransportationProblems,17,bit,NULL,NULL,NULL,YES,NULL
pats,Tbl_NewAdmissionAssessmentASAMDimension5,PhysicalHarmFrequency,18,int,NULL,10,0,YES,NULL
pats,Tbl_NewAdmissionAssessmentASAMDimension5,VerbalAbuseFrequency,19,int,NULL,10,0,YES,NULL
pats,Tbl_NewAdmissionAssessmentASAMDimension5,ThreatsFrequency,20,int,NULL,10,0,YES,NULL
pats,Tbl_NewAdmissionAssessmentASAMDimension5,YellingFrequency,21,int,NULL,10,0,YES,NULL
pats,Tbl_NewAdmissionAssessmentASAMDimension5,Pests,22,bit,NULL,NULL,NULL,YES,NULL
pats,Tbl_NewAdmissionAssessmentASAMDimension5,Mold,23,bit,NULL,NULL,NULL,YES,NULL
pats,Tbl_NewAdmissionAssessmentASAMDimension5,LeadPaint,24,bit,NULL,NULL,NULL,YES,NULL
pats,Tbl_NewAdmissionAssessmentASAMDimension5,LackOfHeat,25,bit,NULL,NULL,NULL,YES,NULL
pats,Tbl_NewAdmissionAssessmentASAMDimension5,AppliancesNotWorking,26,bit,NULL,NULL,NULL,YES,NULL
pats,Tbl_NewAdmissionAssessmentASAMDimension5,SmokeDetectorsMissing,27,bit,NULL,NULL,NULL,YES,NULL
pats,Tbl_NewAdmissionAssessmentASAMDimension5,WaterLeaks,28,bit,NULL,NULL,NULL,YES,NULL
pats,Tbl_NewAdmissionAssessmentASAMDimension5,None,29,bit,NULL,NULL,NULL,YES,NULL
pats,Tbl_NewAdmissionAssessmentASAMDimension5,Level1,30,bit,NULL,NULL,NULL,YES,NULL
pats,Tbl_NewAdmissionAssessmentASAMDimension5,Level1_5,31,bit,NULL,NULL,NULL,YES,NULL
pats,Tbl_NewAdmissionAssessmentASAMDimension5,Level1_7,32,bit,NULL,NULL,NULL,YES,NULL
pats,Tbl_NewAdmissionAssessmentASAMDimension5,Level2_1,33,bit,NULL,NULL,NULL,YES,NULL
pats,Tbl_NewAdmissionAssessmentASAMDimension5,Level2_5,34,bit,NULL,NULL,NULL,YES,NULL
pats,Tbl_NewAdmissionAssessmentASAMDimension5,Level2_7,35,bit,NULL,NULL,NULL,YES,NULL
pats,Tbl_NewAdmissionAssessmentASAMDimension5,Level3_1,36,bit,NULL,NULL,NULL,YES,NULL
pats,Tbl_NewAdmissionAssessmentASAMDimension5,Level3_5,37,bit,NULL,NULL,NULL,YES,NULL
pats,Tbl_NewAdmissionAssessmentASAMDimension5,Level3_7,38,bit,NULL,NULL,NULL,YES,NULL
pats,Tbl_NewAdmissionAssessmentASAMDimension5,NonBIO,39,bit,NULL,NULL,NULL,YES,NULL
pats,Tbl_NewAdmissionAssessmentASAMDimension5,BIO,40,bit,NULL,NULL,NULL,YES,NULL
pats,Tbl_NewAdmissionAssessmentASAMDimension5,Level4,41,bit,NULL,NULL,NULL,YES,NULL
pats,Tbl_NewAdmissionAssessmentASAMDimension5,COE,42,bit,NULL,NULL,NULL,YES,NULL
pats,Tbl_NewAdmissionAssessmentASAMDimension5,Dimension5Support,43,int,NULL,10,0,YES,NULL
pats,Tbl_NewAdmissionAssessmentASAMDimension5,Dimension5Functioning,44,int,NULL,10,0,YES,NULL
pats,Tbl_NewAdmissionAssessmentASAMDimension5,Dimension5Safety,45,int,NULL,10,0,YES,NULL
pats,Tbl_NewAdmissionAssessmentASAMDimension5,RR,46,bit,NULL,NULL,NULL,YES,NULL
pats,Tbl_NewAdmissionAssessmentASAMDimension5,RowState,47,bit,NULL,NULL,NULL,YES,NULL
pats,Tbl_NewAdmissionAssessmentASAMDimension5,LastModAt,48,datetime,NULL,NULL,NULL,YES,NULL
pats,tbl_PayerClient,PCID,1,bigint,NULL,19,0,NO,NULL
pats,tbl_PayerClient,RowChkSum,2,int,NULL,10,0,NO,NULL
pats,tbl_PayerClient,SiteCode,3,varchar,25,NULL,NULL,NO,NULL
pats,tbl_PayerClient,pyID,4,int,NULL,10,0,NO,NULL
pats,tbl_PayerClient,pyPAYERID,5,varchar,100,NULL,NULL,YES,NULL
pats,tbl_PayerClient,pyPAYERTYPE,6,varchar,50,NULL,NULL,YES,NULL
pats,tbl_PayerClient,pySUBSID,7,varchar,50,NULL,NULL,YES,NULL
pats,tbl_PayerClient,pyGROUP,8,varchar,50,NULL,NULL,YES,NULL
pats,tbl_PayerClient,pyAUTH,9,varchar,50,NULL,NULL,YES,NULL
pats,tbl_PayerClient,pySTART,10,datetime,NULL,NULL,NULL,NO,NULL
pats,tbl_PayerClient,pyEND,11,datetime,NULL,NULL,NULL,YES,NULL
pats,tbl_PayerClient,pyCLTID,12,int,NULL,10,0,NO,NULL
pats,tbl_PayerClient,pyACTIVE,13,bit,NULL,NULL,NULL,YES,NULL
pats,tbl_PayerClient,pyadd,14,varchar,50,NULL,NULL,NO,NULL
pats,tbl_PayerClient,pycity,15,varchar,50,NULL,NULL,YES,NULL
pats,tbl_PayerClient,pyDOB,16,datetime,NULL,NULL,NULL,YES,NULL
pats,tbl_PayerClient,pyfirst,17,varchar,50,NULL,NULL,YES,NULL
pats,tbl_PayerClient,pylast,18,varchar,50,NULL,NULL,YES,NULL
pats,tbl_PayerClient,pyPhone,19,varchar,50,NULL,NULL,YES,NULL
pats,tbl_PayerClient,pysame,20,bit,NULL,NULL,NULL,YES,NULL
pats,tbl_PayerClient,pystate,21,varchar,10,NULL,NULL,YES,NULL
pats,tbl_PayerClient,pyzip,22,varchar,10,NULL,NULL,YES,NULL
pats,tbl_PayerClient,pyAddDate,23,date,NULL,NULL,NULL,YES,NULL
pats,tbl_PayerClient,PyAddUser,24,varchar,50,NULL,NULL,YES,NULL
pats,tbl_PayerClient,pyBACK,25,varchar,100,NULL,NULL,YES,NULL
pats,tbl_PayerClient,pybupe,26,varchar,250,NULL,NULL,YES,NULL
pats,tbl_PayerClient,pycoins,27,money,NULL,19,4,YES,NULL
pats,tbl_PayerClient,pycopay,28,money,NULL,19,4,YES,NULL
pats,tbl_PayerClient,pyded,29,varchar,250,NULL,NULL,YES,NULL
pats,tbl_PayerClient,pydeduct,30,money,NULL,19,4,YES,NULL
pats,tbl_PayerClient,pydeductleft,31,money,NULL,19,4,YES,NULL
pats,tbl_PayerClient,pyEligCheck,32,datetime,NULL,NULL,NULL,YES,NULL
pats,tbl_PayerClient,pyEligUser,33,varchar,50,NULL,NULL,YES,NULL
pats,tbl_PayerClient,pyfront,34,varchar,100,NULL,NULL,YES,NULL
pats,tbl_PayerClient,pymmt,35,varchar,250,NULL,NULL,YES,NULL
pats,tbl_PayerClient,pyout,36,varchar,250,NULL,NULL,YES,NULL
pats,tbl_PayerClient,pyProjectedEnd,37,date,NULL,NULL,NULL,YES,NULL
pats,tbl_PayerClient,tempSavePayer,38,varchar,50,NULL,NULL,YES,NULL
pats,tbl_PayerClient,pyBasicNum,39,varchar,50,NULL,NULL,YES,NULL
pats,tbl_PayerClient,pyCategory,40,varchar,50,NULL,NULL,YES,NULL
pats,tbl_PayerClient,pyHMOprovider,41,varchar,50,NULL,NULL,YES,NULL
pats,tbl_PayerClient,pyLocalOffice,42,varchar,50,NULL,NULL,YES,NULL
pats,tbl_PayerClient,pyDBnotes,43,varchar,250,NULL,NULL,YES,NULL
pats,tbl_PayerClient,TypeOfAgreementCode,44,varchar,50,NULL,NULL,YES,NULL
pats,tbl_PayerClient,LastModAt,45,datetime,NULL,NULL,NULL,YES,NULL
pats,tbl_PayerCltHistory,SiteCode,1,varchar,25,NULL,NULL,NO,NULL
pats,tbl_PayerCltHistory,pchID,2,int,NULL,10,0,NO,NULL
pats,tbl_PayerCltHistory,pyID,3,int,NULL,10,0,YES,NULL
pats,tbl_PayerCltHistory,pyChange,4,varchar,100,NULL,NULL,YES,NULL
pats,tbl_PayerCltHistory,pyDtm,5,datetime,NULL,NULL,NULL,YES,NULL
pats,tbl_PayerCltHistory,pyUser,6,varchar,100,NULL,NULL,YES,NULL
pats,tbl_PayerCltHistory,pyNote,7,varchar,8000,NULL,NULL,YES,NULL
pats,tbl_TreatmentLevel,SiteCode,1,nvarchar,25,NULL,NULL,NO,NULL
pats,tbl_TreatmentLevel,RowChkSum,2,int,NULL,10,0,YES,NULL
pats,tbl_TreatmentLevel,Id,3,int,NULL,10,0,NO,NULL
pats,tbl_TreatmentLevel,TreatmentLevel,4,nvarchar,-1,NULL,NULL,YES,NULL
pats,tbl_TreatmentLevel,UserID,5,int,NULL,10,0,YES,NULL
pats,tbl_TreatmentLevel,CltId,6,int,NULL,10,0,YES,NULL
pats,tbl_TreatmentLevel,RecordOn,7,datetime,NULL,NULL,NULL,YES,NULL
pats,tbl_TreatmentLevel,LastModAt,8,datetime2,NULL,NULL,NULL,YES,NULL
pats,tbl_TreatmentLevel,RowState,9,bit,NULL,NULL,NULL,YES,NULL
pats,tbl_UAResultDetail,SiteCode,1,varchar,25,NULL,NULL,NO,NULL
pats,tbl_UAResultDetail,RowChkSum,2,int,NULL,10,0,NO,NULL
pats,tbl_UAResultDetail,LastModAt,3,datetime,NULL,NULL,NULL,NO,NULL
pats,tbl_UAResultDetail,uardID,4,int,NULL,10,0,NO,NULL
pats,tbl_UAResultDetail,uardRecID,5,int,NULL,10,0,NO,NULL
pats,tbl_UAResultDetail,uardResult,6,varchar,100,NULL,NULL,YES,NULL
pats,tbl_UAResultDetail,uardRX,7,bit,NULL,NULL,NULL,NO,NULL
pats,tbl_UAResultDetail,uaDetail,8,varchar,50,NULL,NULL,YES,NULL
pats,tbl_UAResultDetail,uardFullNote,9,varchar,-1,NULL,NULL,YES,NULL
pats,tbl_UAResultDetail,uardKey,10,varchar,-1,NULL,NULL,YES,NULL
pats,tbl_UAResultDetail,uardNote,11,varchar,-1,NULL,NULL,YES,NULL
